-	AI generated!!
INSERT INTO cusotmers (first_name, last_name, email, phone, adress) VALUES
('Ion', 'Popescu', 'ion.popescu@example.ro', '0720123456', 'Strada Mărului 5, București'),
('Maria', 'Ionescu', 'maria.ionescu@example.ro', '0720987654', 'Bulevardul Carol I 23, Iași'),
('George', 'Constantinescu', 'george.constantinescu@example.ro', '0720567890', 'Strada Horea 11, Cluj-Napoca'),
('Elena', 'Stan', 'elena.stan@example.ro', '0720345678', 'Calea Victoriei 2, Timișoara'),
('Vasile', 'Dumitrescu', 'vasile.dumitrescu@example.ro', '0720456789', 'Strada Traian 14, Craiova'),
('Ana', 'Georgescu', 'ana.georgescu@example.ro', '0721234567', 'Strada Mihai Eminescu 3, Constanța'),
('Radu', 'Marinescu', 'radu.marinescu@example.ro', '0722345678', 'Strada Ștefan cel Mare 21, Sibiu'),
('Florina', 'Vasilescu', 'florina.vasilescu@example.ro', '0723456789', 'Strada Libertății 9, Brașov'),
('Dan', 'Iliescu', 'dan.iliescu@example.ro', '0724567890', 'Strada Independenței 7, Ploiești'),
('Irina', 'Mihai', 'irina.mihai@example.ro', '0725678901', 'Bulevardul Unirii 10, Galați'),
('Cristian', 'Petrescu', 'cristian.petrescu@example.ro', '0726789012', 'Strada Republicii 15, Arad'),
('Adriana', 'Lazar', 'adriana.lazar@example.ro', '0727890123', 'Strada Gării 4, Oradea'),
('Mihai', 'Radu', 'mihai.radu@example.ro', '0728901234', 'Strada Păcii 6, Baia Mare'),
('Gabriela', 'Tudor', 'gabriela.tudor@example.ro', '0729012345', 'Strada Primăverii 12, Satu Mare'),
('Andrei', 'Vlad', 'andrei.vlad@example.ro', '0730123456', 'Strada Florilor 8, Buzău'),
('Monica', 'Grigore', 'monica.grigore@example.ro', '0731234567', 'Strada Zorilor 16, Bacău'),
('Alexandru', 'Roman', 'alexandru.roman@example.ro', '0732345678', 'Strada Viitorului 18, Suceava'),
('Simona', 'Nistor', 'simona.nistor@example.ro', '0733456789', 'Strada Școlii 14, Pitești'),
('Victor', 'Enescu', 'victor.enescu@example.ro', '0734567890', 'Strada Tineretului 22, Râmnicu Vâlcea'),
('Carmen', 'Bălan', 'carmen.balan@example.ro', '0735678901', 'Strada Speranței 19, Târgu Mureș');
COMMIT;

INSERT INTO categories (name) VALUES
('Electronics'),
('Clothing'),
('Home & Kitchen'),
('Books'),
('Toys & Games'),
('Sports & Outdoors'),
('Health & Personal Care'),
('Automotive'),
('Beauty'),
('Office Products'),
('Garden & Outdoor'),
('Pet Supplies'),
('Grocery & Gourmet Food'),
('Movies & TV'),
('Music'),
('Video Games'),
('Computers'),
('Cell Phones & Accessories'),
('Jewelry'),
('Shoes');
commit;

INSERT INTO products (name, price, category_id) VALUES
('Samsung Galaxy S21', 799.99, 1),
('Nike Air Max 270', 129.99, 2),
('Instant Pot Duo 7-in-1', 89.99, 3),
('The Great Gatsby', 10.99, 4),
('LEGO Star Wars Millennium Falcon', 159.99, 5),
('Yoga Mat', 19.99, 6),
('Oral-B Electric Toothbrush', 49.99, 7),
('Car Vacuum Cleaner', 29.99, 8),
('Maybelline Mascara', 7.99, 9),
('Staples Copy Paper', 24.99, 10),
('Weber Charcoal Grill', 139.99, 11),
('Dog Food - Chicken & Rice', 34.99, 12),
('Organic Almonds', 12.99, 13),
('Inception Blu-ray', 14.99, 14),
('Taylor Swift - Folklore CD', 11.99, 15),
('Nintendo Switch', 299.99, 16),
('HP Pavilion Laptop', 549.99, 17),
('Apple iPhone 13 Case', 39.99, 18),
('14k Gold Necklace', 299.99, 19),
('Adidas Running Shoes', 89.99, 20);
commit;

INSERT INTO orders (cusmtomers_id, order_date, total_amount) VALUES
(1, '2023-07-01 10:30:00', 199.99),
(2, '2023-07-02 11:00:00', 49.99),
(3, '2023-07-03 09:15:00', 299.99),
(4, '2023-07-04 14:20:00', 89.99),
(5, '2023-07-05 15:45:00', 19.99),
(1, '2023-07-06 12:30:00', 59.99),
(2, '2023-07-07 16:00:00', 129.99),
(3, '2023-07-08 13:30:00', 239.99),
(4, '2023-07-09 17:15:00', 89.99),
(5, '2023-07-10 10:00:00', 24.99),
(1, '2023-07-11 09:45:00', 199.99),
(2, '2023-07-12 14:00:00', 49.99),
(3, '2023-07-13 11:30:00', 349.99),
(4, '2023-07-14 12:15:00', 109.99),
(5, '2023-07-15 16:30:00', 39.99),
(1, '2023-07-16 15:00:00', 79.99),
(2, '2023-07-17 10:30:00', 149.99),
(3, '2023-07-18 14:45:00', 99.99),
(4, '2023-07-19 11:00:00', 189.99),
(5, '2023-07-20 13:30:00', 29.99),
(1, '2023-07-21 12:00:00', 89.99),
(2, '2023-07-22 10:45:00', 49.99),
(3, '2023-07-23 15:15:00', 399.99),
(4, '2023-07-24 13:00:00', 129.99),
(5, '2023-07-25 16:45:00', 19.99),
(1, '2023-07-26 14:30:00', 109.99),
(2, '2023-07-27 12:15:00', 69.99),
(3, '2023-07-28 11:00:00', 159.99),
(4, '2023-07-29 10:30:00', 49.99),
(5, '2023-07-30 15:00:00', 199.99);
commit;

INSERT INTO order_items (order_id, product_id, quantity, unit_price) VALUES
(1, 1, 2, 799.99),
(1, 2, 1, 129.99),
(2, 3, 1, 89.99),
(2, 4, 2, 10.99),
(3, 5, 1, 159.99),
(3, 6, 3, 19.99),
(4, 7, 1, 49.99),
(4, 8, 1, 29.99),
(5, 9, 2, 7.99),
(5, 10, 1, 24.99),
(6, 11, 1, 139.99),
(6, 12, 2, 34.99),
(7, 13, 1, 12.99),
(7, 14, 1, 14.99),
(8, 15, 2, 11.99),
(8, 16, 1, 299.99),
(9, 17, 1, 549.99),
(9, 18, 3, 39.99),
(10, 19, 1, 299.99),
(10, 20, 2, 89.99),
(11, 1, 1, 799.99),
(11, 2, 2, 129.99),
(12, 3, 1, 89.99),
(12, 4, 1, 10.99),
(13, 5, 3, 159.99),
(13, 6, 1, 19.99),
(14, 7, 1, 49.99),
(14, 8, 2, 29.99),
(15, 9, 1, 7.99),
(15, 10, 1, 24.99);
commit;

INSERT INTO discounts (name, type, amount, start_date, end_date) VALUES
('Summer Sale', 'percentage', 15.00, '2023-06-01', '2023-08-31');
commit;
INSERT INTO order_discounts (order_id, discount_id) VALUES
(1, 1),
(2, 1),
(3, 1),
(4, 1),
(5, 1),
(6, 1),
(7, 1),
(8, 1),
(9, 1),
(10, 1),
(11, 1),
(12, 1),
(13, 1),
(14, 1),
(15, 1),
(16, 1),
(17, 1),
(18, 1),
(19, 1),
(20, 1);
commit;
